nome,tipo,nome_conjuge,telefone,email,nascimento
Ana Clara Rodrigues,jovem,,11987650001,ana.clara@email.com,15/03/2002
Bruno Henrique Martins,jovem,,11987650002,bruno.martins@email.com,22/07/2001
Camila Souza Santos,jovem,,11987650003,camila.souza@email.com,08/11/2003
Daniel Oliveira Costa,jovem,,11987650004,daniel.costa@email.com,14/05/2000
Eduarda Lima Ferreira,jovem,,11987650005,eduarda.lima@email.com,30/09/2002
Felipe Augusto Pereira,jovem,,11987650006,felipe.pereira@email.com,03/01/2001
Gabriela Nascimento,jovem,,11987650007,gabriela.nasc@email.com,19/06/2003
Henrique da Silva Neto,jovem,,11987650008,henrique.neto@email.com,25/12/1999
Isabela Cristina Moura,jovem,,11987650009,isabela.moura@email.com,11/04/2002
João Pedro Almeida,jovem,,11987650010,joao.pedro@email.com,07/08/2001
Karoline Dias Pinto,jovem,,11987650011,karoline.dias@email.com,16/02/2004
Leonardo Campos Ribeiro,jovem,,11987650012,leo.ribeiro@email.com,28/10/2000
Marina Freitas Gomes,jovem,,11987650013,marina.freitas@email.com,02/07/2003
Nicolas Barros Teixeira,jovem,,11987650014,nicolas.barros@email.com,21/03/2001
Olivia Ramos Cardoso,jovem,,11987650015,olivia.ramos@email.com,09/09/2002
Pedro Lucas Monteiro,jovem,,11987650016,pedro.monteiro@email.com,13/05/2000
Rafaela Cunha Vieira,jovem,,11987650017,rafaela.cunha@email.com,27/11/2003
Samuel Nogueira Prado,jovem,,11987650018,samuel.prado@email.com,04/06/2001
Thais Mendes Araujo,jovem,,11987650019,thais.mendes@email.com,18/01/2002
Vinicius Carvalho Lima,jovem,,11987650020,vinicius.lima@email.com,10/08/2000
Yasmin Correia Braga,jovem,,11987650021,yasmin.braga@email.com,23/04/2004
Arthur Fonseca Melo,jovem,,11987650022,arthur.melo@email.com,06/12/2001
Beatriz Helena Castro,jovem,,11987650023,beatriz.castro@email.com,31/03/2003
Caio Rezende Nunes,jovem,,11987650024,caio.nunes@email.com,17/07/2000
Debora Santana Lopes,jovem,,11987650025,debora.lopes@email.com,12/10/2002
Enzo Gabriel Farias,jovem,,11987650026,enzo.farias@email.com,05/02/2001
Fernanda Pires Azevedo,jovem,,11987650027,fernanda.pires@email.com,20/09/2003
Guilherme Rocha Torres,jovem,,11987650028,guilherme.torres@email.com,08/04/2000
Helena Batista Duarte,jovem,,11987650029,helena.duarte@email.com,26/06/2002
Igor Santos Moreira,jovem,,11987650030,igor.moreira@email.com,14/11/2001
Julia Andrade Vasconcelos,jovem,,11987650031,julia.andrade@email.com,01/05/2004
Kevin Magalhães Cruz,jovem,,11987650032,kevin.cruz@email.com,19/08/2000
Larissa Tavares Peixoto,jovem,,11987650033,larissa.tavares@email.com,07/01/2003
Matheus Borges Silveira,jovem,,11987650034,matheus.borges@email.com,24/03/2001
Natalia Ferraz Queiroz,jovem,,11987650035,natalia.ferraz@email.com,11/07/2002
Otavio Macedo Rangel,jovem,,11987650036,otavio.rangel@email.com,29/10/2000
Paloma Costa Aguiar,jovem,,11987650037,paloma.aguiar@email.com,16/04/2003
Renan Cavalcanti Diniz,jovem,,11987650038,renan.diniz@email.com,03/09/2001
Sarah Brito Medeiros,jovem,,11987650039,sarah.brito@email.com,21/12/2002
Tiago Amorim Pacheco,jovem,,11987650040,tiago.pacheco@email.com,08/06/2000
Valentina Coelho Siqueira,jovem,,11987650041,valentina.coelho@email.com,15/02/2004
Wesley Marques Barbosa,jovem,,11987650042,wesley.barbosa@email.com,27/08/2001
Amanda Reis Guimarães,jovem,,11987650043,amanda.reis@email.com,04/05/2003
Bryan Lopes Damasceno,jovem,,11987650044,bryan.lopes@email.com,19/11/2000
Clara Evangelista Soares,jovem,,11987650045,clara.soares@email.com,13/03/2002
Davi Lucca Pimentel,jovem,,11987650046,davi.pimentel@email.com,30/07/2001
Elisa Carneiro Machado,jovem,,11987650047,elisa.carneiro@email.com,22/01/2003
Fabrício Ventura Leão,jovem,,11987650048,fabricio.leao@email.com,09/09/2000
Giovanna Assis Miranda,jovem,,11987650049,giovanna.miranda@email.com,06/04/2002
Hugo Cezar Domingues,jovem,,11987650050,hugo.domingues@email.com,18/10/2001
Iris Sampaio Fontes,jovem,,11987650051,iris.fontes@email.com,25/06/2004
Jefferson Braz Coutinho,jovem,,11987650052,jefferson.braz@email.com,12/02/2000
Letícia Xavier Dantas,jovem,,11987650053,leticia.dantas@email.com,01/08/2003
Miguel Ângelo Sá,jovem,,11987650054,miguel.sa@email.com,20/05/2001
Nathália Bezerra Franco,jovem,,11987650055,nathalia.franco@email.com,07/12/2002
Otávio Henrique Simões,jovem,,11987650056,otavio.simoes@email.com,14/03/2000
Paula Regina Esteves,jovem,,11987650057,paula.esteves@email.com,28/07/2003
Raul Tiago Alencar,jovem,,11987650058,raul.alencar@email.com,03/11/2001
Roberto e Sandra Oliveira,casal,Sandra Oliveira,11987650059,roberto.sandra@email.com,10/06/1985
Marcos e Juliana Ferreira,casal,Juliana Ferreira,11987650060,marcos.juliana@email.com,22/09/1982
André e Patrícia Souza,casal,Patrícia Souza,11987650061,andre.patricia@email.com,15/04/1988
Carlos e Ana Paula Lima,casal,Ana Paula Lima,11987650062,carlos.ana@email.com,08/01/1980
Fábio e Cristiane Alves,casal,Cristiane Alves,11987650063,fabio.cristiane@email.com,27/07/1986
Gustavo e Renata Costa,casal,Renata Costa,11987650064,gustavo.renata@email.com,03/11/1983
Jorge e Luciana Martins,casal,Luciana Martins,11987650065,jorge.luciana@email.com,19/05/1979
Leandro e Márcia Pereira,casal,Márcia Pereira,11987650066,leandro.marcia@email.com,11/08/1987
Paulo e Adriana Santos,casal,Adriana Santos,11987650067,paulo.adriana@email.com,05/02/1984
Ricardo e Fernanda Rocha,casal,Fernanda Rocha,11987650068,ricardo.fernanda@email.com,30/06/1981
Sérgio e Tatiana Dias,casal,Tatiana Dias,11987650069,sergio.tatiana@email.com,14/10/1990
Thiago e Camila Ribeiro,casal,Camila Ribeiro,11987650070,thiago.camila@email.com,21/03/1985
Wagner e Elisângela Moura,casal,Elisângela Moura,11987650071,wagner.moura@email.com,09/12/1978
Alexandre e Beatriz Nunes,casal,Beatriz Nunes,11987650072,alex.beatriz@email.com,16/04/1989
Daniel e Priscila Campos,casal,Priscila Campos,11987650073,daniel.priscila@email.com,02/08/1983
Eduardo e Vanessa Pinto,casal,Vanessa Pinto,11987650074,edu.vanessa@email.com,25/01/1986
Fernando e Aline Teixeira,casal,Aline Teixeira,11987650075,fernando.aline@email.com,18/09/1982
Gilberto e Rosana Vieira,casal,Rosana Vieira,11987650076,gilberto.rosana@email.com,07/05/1977
Hélio e Cláudia Monteiro,casal,Cláudia Monteiro,11987650077,helio.claudia@email.com,13/11/1984
Ivan e Michele Araújo,casal,Michele Araújo,11987650078,ivan.michele@email.com,29/06/1988
